date_txn,symbol,open,high,low,close,volume,macd,mfi,rsi,william_r,stochastic_fast,stochastic_slow,bollinger_bands,chaikin_money_flow,obv,log_timestamp,datasource
2016-06-28,AAPL,92.90,93.66,92.14,93.59,40444914,,,,,,,,,,2017-12-28 06:09:09.664752,
2016-06-29,AAPL,93.97,94.55,93.63,94.40,36531006,,,,,,,,,,2017-12-28 06:09:09.664752,
2016-06-30,AAPL,94.44,95.77,94.30,95.60,35836356,,,,,,,,,,2017-12-28 06:09:09.664752,
2016-07-01,AAPL,95.49,96.46,95.33,95.89,26026540,,,,,,,,,,2017-12-28 06:09:09.664752,
2016-07-05,AAPL,95.39,95.40,94.46,94.99,27705210,,,,,,,,,,2017-12-28 06:09:09.664752,
2016-07-06,AAPL,94.60,95.66,94.37,95.53,30949090,,,,,,,,,,2017-12-28 06:09:09.664752,
2016-07-07,AAPL,95.70,96.50,95.62,95.94,25139558,,,,,,,,,,2017-12-28 06:09:09.664752,
2016-07-08,AAPL,96.49,96.89,96.05,96.68,28912103,,,,,,,,,,2017-12-28 06:09:09.664752,
2016-07-11,AAPL,96.75,97.65,96.73,96.98,23794945,,,,,,,,,,2017-12-28 06:09:09.664752,
2016-07-12,AAPL,97.17,97.70,97.12,97.42,24167463,,,,,,,,,,2017-12-28 06:09:09.664752,
2016-07-13,AAPL,97.41,97.67,96.84,96.87,25892171,,,,,,,,,,2017-12-28 06:09:09.664752,
2016-07-14,AAPL,97.39,98.99,97.32,98.79,38918997,,,,,,,,,,2017-12-28 06:09:09.664752,
2016-07-15,AAPL,98.92,99.30,98.50,98.78,30136990,,,,,,,,,,2017-12-28 06:09:09.664752,
2016-07-18,AAPL,98.70,100.13,98.60,99.83,36493867,,,,,,,,,,2017-12-28 06:09:09.664752,
2016-07-19,AAPL,99.56,100.00,99.34,99.87,23779924,,,,,,,,,,2017-12-28 06:09:09.664752,
2016-07-20,AAPL,100.00,100.46,99.74,99.96,26275968,,,,,,,,,,2017-12-28 06:09:09.664752,
2016-07-21,AAPL,99.83,101.00,99.13,99.43,32702028,,,,,,,,,,2017-12-28 06:09:09.664752,
2016-07-22,AAPL,99.26,99.30,98.31,98.66,28313669,,,,,,,,,,2017-12-28 06:09:09.664752,
2016-07-25,AAPL,98.25,98.84,96.92,97.34,40382921,,,,,,,,,,2017-12-28 06:09:09.664752,
2016-07-26,AAPL,96.82,97.97,96.42,96.67,56239822,,,,,,,,,,2017-12-28 06:09:09.664752,
2016-07-27,AAPL,104.26,104.35,102.75,102.95,92344820,,64.34,75.31,-0.17,0.83,49.15,,0.67,248242740,2017-12-28 06:09:09.664752,
2016-07-28,AAPL,102.83,104.45,102.82,104.34,39869839,,65.27,77.54,-0.01,0.99,67.09,,0.72,288112579,2017-12-28 06:09:09.664752,
2016-07-29,AAPL,104.19,104.55,103.68,104.21,27733688,,65.66,76.84,-0.04,0.96,92.53,,0.53,260378891,2017-12-28 06:09:09.664752,
2016-08-01,AAPL,104.41,106.15,104.41,106.05,38167871,,66.72,79.65,-0.01,0.99,97.81,,0.44,298546762,2017-12-28 06:09:09.664752,
2016-08-02,AAPL,106.05,106.07,104.00,104.48,33816556,,65.47,71.67,-0.17,0.83,92.54,103.54,0.51,264730206,2017-12-28 06:09:09.664752,
2016-08-03,AAPL,104.81,105.84,104.77,105.79,30202641,,65.06,74.01,-0.04,0.96,92.70,104.48,0.40,294932847,2017-12-28 06:09:09.664752,
2016-08-04,AAPL,105.58,106.00,105.28,105.87,27408650,,65.01,74.15,-0.03,0.97,92.09,105.23,0.42,322341497,2017-12-28 06:09:09.664752,
2016-08-05,AAPL,106.27,107.65,106.18,107.48,40553402,,65.46,76.86,-0.02,0.98,97.30,105.96,0.33,362894899,2017-12-28 06:09:09.664752,
2016-08-08,AAPL,107.52,108.37,107.16,108.37,28037220,,65.87,78.22,0.00,1.00,98.54,106.73,0.30,390932119,2017-12-28 06:09:09.664752,
2016-08-09,AAPL,108.23,108.94,108.01,108.81,26315204,,66.01,78.88,-0.01,0.99,99.15,107.50,0.19,417247323,2017-12-28 06:09:09.664752,
2016-08-10,AAPL,108.71,108.90,107.76,108.00,24008505,,66.80,74.40,-0.08,0.92,97.15,108.07,0.26,393238818,2017-12-28 06:09:09.664752,
2016-08-11,AAPL,108.52,108.93,107.85,107.93,27484506,,71.96,74.01,-0.08,0.92,94.46,108.41,0.21,365754312,2017-12-28 06:09:09.664752,
2016-08-12,AAPL,107.78,108.44,107.78,108.18,18660434,,74.55,74.53,-0.06,0.94,92.78,108.60,0.25,384414746,2017-12-28 06:09:09.664752,
2016-08-15,AAPL,108.14,109.54,108.08,109.48,25868209,3.39,83.96,77.07,-0.01,0.99,94.99,108.83,0.27,410282955,2017-12-28 06:09:09.664752,
2016-08-16,AAPL,109.63,110.23,109.21,109.38,33794448,3.37,81.87,76.44,-0.11,0.89,93.86,109.07,0.23,376488507,2017-12-28 06:09:09.664752,
2016-08-17,AAPL,109.10,109.37,108.34,109.22,25355976,3.30,74.97,75.37,-0.15,0.85,90.74,109.28,0.17,351132531,2017-12-28 06:09:09.664752,
2016-08-18,AAPL,109.23,109.60,109.02,109.08,21984703,3.19,74.69,74.40,-0.18,0.82,84.88,109.40,0.14,329147828,2017-12-28 06:09:09.664752,
2016-08-19,AAPL,108.77,109.69,108.36,109.36,25368072,3.10,67.32,75.09,-0.14,0.86,84.05,109.48,0.09,354515900,2017-12-28 06:09:09.664752,
2016-08-22,AAPL,108.86,109.10,107.85,108.51,25820230,2.92,68.54,68.97,-0.32,0.68,78.69,109.43,0.02,328695670,2017-12-28 06:09:09.664752,
2016-08-23,AAPL,108.59,109.32,108.53,108.85,21257669,2.78,67.86,70.02,-0.28,0.72,75.55,109.32,-0.09,349953339,2017-12-28 06:09:09.664752,
2016-08-24,AAPL,108.56,108.75,107.68,108.03,23675081,2.56,61.18,64.35,-0.54,0.46,62.10,109.11,0.77,326278258,2017-12-28 06:09:09.664752,
2016-08-25,AAPL,107.39,107.88,106.68,107.57,25086248,2.33,52.48,61.35,-0.75,0.25,47.62,108.80,0.44,301192010,2017-12-28 06:09:09.664752,
2016-08-26,AAPL,107.41,107.95,106.31,106.94,27766291,2.08,44.64,57.40,-0.84,0.16,28.94,108.37,0.34,273425719,2017-12-28 06:09:09.664752,
2016-08-29,AAPL,106.62,107.44,106.29,106.82,24970300,1.84,37.35,56.65,-0.87,0.13,18.20,107.91,0.46,248455419,2017-12-28 06:09:09.664752,
2016-08-30,AAPL,105.80,106.50,105.50,106.00,24863945,1.57,37.31,51.70,-0.89,0.11,13.36,107.40,0.33,223591474,2017-12-28 06:09:09.664752,
2016-08-31,AAPL,105.66,106.57,105.64,106.10,29662406,1.35,37.60,52.24,-0.87,0.13,12.24,106.91,0.36,253253880,2017-12-28 06:09:09.664752,
2016-09-01,AAPL,106.14,106.80,105.62,106.73,26701523,1.21,44.07,55.66,-0.74,0.26,16.42,106.59,0.26,279955403,2017-12-28 06:09:09.664752,
2016-09-02,AAPL,107.70,108.00,106.82,107.73,26334858,1.17,44.09,60.50,-0.53,0.47,28.61,106.54,0.24,306290261,2017-12-28 06:09:09.664752,
2016-09-06,AAPL,107.90,108.30,107.51,107.70,26880391,1.12,42.91,60.28,-0.47,0.53,41.89,106.68,0.12,279409870,2017-12-28 06:09:09.664752,
2016-09-07,AAPL,107.83,108.76,107.07,108.36,42364328,1.12,52.38,63.33,-0.32,0.68,55.97,106.98,0.20,321774198,2017-12-28 06:09:09.664752,
2016-09-08,AAPL,107.25,107.27,105.24,105.52,53002026,0.88,42.95,46.71,-0.94,0.06,42.35,107.01,0.16,268772172,2017-12-28 06:09:09.664752,
2016-09-09,AAPL,104.64,105.72,103.13,103.13,46556984,0.49,40.99,37.74,-1.00,0.00,24.85,106.52,0.20,222215188,2017-12-28 06:09:09.664752,
2016-09-12,AAPL,102.65,105.72,102.53,105.44,45292770,0.37,49.32,48.12,-0.57,0.43,16.38,106.00,0.23,267507958,2017-12-28 06:09:09.664752,
2016-09-13,AAPL,107.51,108.79,107.24,107.95,62176190,0.47,53.63,56.58,-0.13,0.87,43.15,105.89,0.19,329684148,2017-12-28 06:09:09.664752,
2016-09-14,AAPL,108.73,113.03,108.60,111.77,112340318,0.84,65.25,65.74,-0.12,0.88,72.48,106.57,0.12,442024466,2017-12-28 06:09:09.664752,
2016-09-15,AAPL,113.86,115.73,113.49,115.57,90613177,1.43,72.99,72.06,-0.01,0.99,91.12,108.18,0.10,532637643,2017-12-28 06:09:09.664752,
2016-09-16,AAPL,115.12,116.13,114.04,114.92,79886911,1.82,79.15,69.69,-0.09,0.91,92.63,110.12,0.05,452750732,2017-12-28 06:09:09.664752,
2016-09-19,AAPL,115.19,116.18,113.25,113.58,47023046,2.00,76.41,64.96,-0.19,0.81,90.28,111.79,-0.03,405727686,2017-12-28 06:09:09.664752,
2016-09-20,AAPL,113.05,114.12,112.51,113.57,34514269,2.12,75.18,64.92,-0.19,0.81,84.31,113.00,-0.13,371213417,2017-12-28 06:09:09.664752,
2016-09-21,AAPL,113.85,113.99,112.44,113.55,36003185,2.19,70.40,64.84,-0.19,0.81,80.85,113.76,-0.07,335210232,2017-12-28 06:09:09.664752,
2016-09-22,AAPL,114.35,114.94,114.00,114.62,31073984,2.30,70.66,67.07,-0.11,0.89,83.39,114.30,-0.01,366284216,2017-12-28 06:09:09.664752,
2016-09-23,AAPL,114.42,114.79,111.55,112.71,52481151,2.21,64.71,59.79,-0.25,0.75,81.29,114.46,0.06,313803065,2017-12-28 06:09:09.664752,
2016-09-26,AAPL,111.64,113.39,111.55,112.88,29869442,2.13,60.94,60.20,-0.24,0.76,79.66,114.34,0.33,343672507,2017-12-28 06:09:09.664752,
2016-09-27,AAPL,113.00,113.18,112.34,113.09,24607412,2.05,60.09,60.74,-0.23,0.77,75.92,114.12,0.19,368279919,2017-12-28 06:09:09.664752,
2016-09-28,AAPL,113.69,114.64,113.43,113.95,29641085,2.04,65.94,62.95,-0.16,0.84,78.95,113.98,0.26,397921004,2017-12-28 06:09:09.664752,
2016-09-29,AAPL,113.16,113.80,111.80,112.18,35886990,1.87,66.60,55.97,-0.29,0.71,77.24,113.73,0.15,362034014,2017-12-28 06:09:09.664752,
2016-09-30,AAPL,112.46,113.37,111.80,113.05,36379106,1.78,66.33,58.41,-0.35,0.65,73.12,113.49,0.14,398413120,2017-12-28 06:09:09.664752,
2016-10-03,AAPL,112.71,113.05,112.28,112.52,21701760,1.65,61.16,56.36,-0.48,0.52,62.47,113.24,0.01,376711360,2017-12-28 06:09:09.664752,
2016-10-04,AAPL,113.06,114.31,112.63,113.00,29736835,1.57,55.79,57.80,-0.69,0.31,49.34,113.07,0.12,406448195,2017-12-28 06:09:09.664752,
2016-10-05,AAPL,113.40,113.66,112.69,113.05,21453089,1.49,45.51,57.96,-0.68,0.32,38.48,112.98,0.08,427901284,2017-12-28 06:09:09.664752,
2016-10-06,AAPL,113.70,114.34,113.13,113.89,28779313,1.48,39.32,60.60,-0.49,0.51,38.08,113.05,0.14,456680597,2017-12-28 06:09:09.664752,
2016-10-07,AAPL,114.31,114.56,113.51,114.06,24358443,1.46,47.00,61.13,-0.26,0.74,52.33,113.23,0.17,481039040,2017-12-28 06:09:09.664752,
2016-10-10,AAPL,115.02,116.75,114.72,116.05,36235956,1.60,55.18,66.78,-0.13,0.87,70.37,113.70,0.13,517274996,2017-12-28 06:09:09.664752,
2016-10-11,AAPL,117.70,118.69,116.20,116.30,64041043,1.70,65.74,67.42,-0.33,0.67,75.70,114.34,0.07,581316039,2017-12-28 06:09:09.664752,
2016-10-12,AAPL,117.35,117.98,116.75,117.34,37586787,1.85,66.28,70.01,-0.19,0.81,78.05,115.12,0.04,618902826,2017-12-28 06:09:09.664752,
2016-10-13,AAPL,116.79,117.44,115.72,116.98,35192406,1.91,68.60,67.99,-0.24,0.76,74.56,115.86,-0.01,583710420,2017-12-28 06:09:09.664752,
2016-10-14,AAPL,117.88,118.17,117.13,117.63,35652191,1.99,75.44,69.69,-0.15,0.85,80.59,116.52,-0.08,619362611,2017-12-28 06:09:09.664752,
2016-10-17,AAPL,117.33,117.84,116.78,117.55,23624896,2.03,70.20,69.20,-0.17,0.83,81.37,117.06,-0.18,595737715,2017-12-28 06:09:09.664752,
2016-10-18,AAPL,118.18,118.21,117.45,117.47,24553478,2.02,69.92,68.69,-0.18,0.82,83.45,117.44,-0.12,571184237,2017-12-28 06:09:09.664752,
2016-10-19,AAPL,117.25,117.76,113.80,117.12,20034594,1.97,72.28,66.36,-0.23,0.77,80.99,117.63,-0.10,551149643,2017-12-28 06:09:09.664752,
2016-10-20,AAPL,116.86,117.38,116.33,117.06,24125801,1.90,71.56,65.94,-0.25,0.75,78.03,117.68,0.13,527023842,2017-12-28 06:09:09.664752,
2016-10-21,AAPL,116.81,116.91,116.28,116.60,23192665,1.79,71.19,62.72,-0.34,0.66,72.43,117.58,0.48,503831177,2017-12-28 06:09:09.664752,
2016-10-24,AAPL,117.10,117.74,117.00,117.65,23538673,1.76,70.83,66.72,-0.17,0.83,74.25,117.52,0.26,527369850,2017-12-28 06:09:09.664752,
2016-10-25,AAPL,117.95,118.36,117.31,118.25,48128970,1.77,77.27,68.78,-0.08,0.92,80.09,117.59,0.32,575498820,2017-12-28 06:09:09.664752,
2016-10-26,AAPL,114.31,115.70,113.31,115.59,66134219,1.55,65.62,53.08,-0.58,0.42,72.38,117.44,0.18,509364601,2017-12-28 06:09:09.664752,
2016-10-27,AAPL,115.39,115.86,114.10,114.48,34562045,1.26,59.47,48.14,-0.78,0.22,52.07,116.97,0.16,474802556,2017-12-28 06:09:09.664752,
2016-10-28,AAPL,113.87,115.21,113.45,113.72,37861662,0.97,52.12,45.05,-0.92,0.08,23.92,116.25,0.01,436940894,2017-12-28 06:09:09.664752,
2016-10-31,AAPL,113.65,114.23,113.20,113.54,26419398,0.71,42.49,44.33,-0.93,0.07,11.99,115.45,0.14,410521496,2017-12-28 06:09:09.664752,
2016-11-01,AAPL,113.46,113.77,110.53,111.49,43825812,0.34,33.94,37.01,-0.88,0.12,8.82,114.47,0.09,366695684,2017-12-28 06:09:09.664752,
2016-11-02,AAPL,111.40,112.35,111.23,111.59,28331709,0.05,34.55,37.55,-0.86,0.14,10.80,113.49,0.15,395027393,2017-12-28 06:09:09.664752,
2016-11-03,AAPL,110.98,111.46,109.55,109.83,26932602,-0.32,27.28,32.29,-0.97,0.03,9.66,112.44,0.19,368094791,2017-12-28 06:09:09.664752,
2016-11-04,AAPL,108.53,110.25,108.11,108.84,30836997,-0.68,26.97,29.77,-0.93,0.07,7.95,111.33,0.14,337257794,2017-12-28 06:09:09.664752,
2016-11-07,AAPL,110.08,110.51,109.46,110.41,32560000,-0.83,27.93,38.04,-0.78,0.22,10.91,110.50,0.07,369817794,2017-12-28 06:09:09.664752,
2016-11-08,AAPL,110.31,111.72,109.70,111.06,24254179,-0.89,32.76,41.14,-0.71,0.29,19.45,110.07,0.05,394071973,2017-12-28 06:09:09.664752,
2016-11-09,AAPL,109.88,111.32,108.05,110.88,59176361,-0.94,25.72,40.53,-0.73,0.27,26.22,109.92,-0.01,334895612,2017-12-28 06:09:09.664752,
2016-11-10,AAPL,111.09,111.09,105.83,107.79,57134541,-1.21,24.24,31.89,-0.84,0.16,23.96,109.60,-0.09,277761071,2017-12-28 06:09:09.664752,
2016-11-11,AAPL,107.12,108.87,106.55,108.43,34143898,-1.36,19.39,34.98,-0.79,0.21,21.28,109.19,-0.19,311904969,2017-12-28 06:09:09.664752,
2016-11-14,AAPL,107.71,107.81,104.08,105.71,51175504,-1.68,10.22,28.96,-0.86,0.14,16.74,108.49,-0.12,260729465,2017-12-28 06:09:09.664752,
2016-11-15,AAPL,106.57,107.68,106.16,107.11,32264510,-1.80,17.00,35.15,-0.74,0.26,20.10,107.81,-0.11,292993975,2017-12-28 06:09:09.664752,
2016-11-16,AAPL,106.70,110.23,106.60,109.99,58840522,-1.65,27.04,45.64,-0.47,0.53,30.89,107.62,-0.05,351834497,2017-12-28 06:09:09.664752,
2016-11-17,AAPL,109.81,110.35,108.83,109.95,26964598,-1.51,32.75,45.53,-0.42,0.58,45.55,107.84,0.80,324869899,2017-12-28 06:09:09.664752,
2016-11-18,AAPL,109.72,110.54,109.66,110.06,28428917,-1.37,38.03,45.91,-0.38,0.62,57.55,108.27,0.32,353298816,2017-12-28 06:09:09.664752,
2016-11-21,AAPL,110.12,111.99,110.01,111.73,29264571,-1.12,44.87,51.53,-0.07,0.93,70.68,108.96,0.38,382563387,2017-12-28 06:09:09.664752,
2016-11-22,AAPL,111.95,112.42,111.40,111.80,25965534,-0.90,50.22,51.76,-0.07,0.93,82.26,109.74,0.20,408528921,2017-12-28 06:09:09.664752,
2016-11-23,AAPL,111.36,111.51,110.33,111.23,27426394,-0.76,50.15,49.72,-0.14,0.86,90.27,110.41,0.17,381102527,2017-12-28 06:09:09.664752,
2016-11-25,AAPL,111.47,111.87,110.95,111.79,11475922,-0.61,54.42,51.73,-0.08,0.92,90.25,110.96,-0.01,392578449,2017-12-28 06:09:09.664752,
2016-11-28,AAPL,111.43,112.46,111.39,111.57,27193983,-0.49,53.96,50.87,-0.11,0.89,89.19,111.36,0.14,365384466,2017-12-28 06:09:09.664752,
2016-11-29,AAPL,110.78,112.03,110.07,111.46,28528750,-0.41,48.54,50.42,-0.12,0.88,89.96,111.61,0.08,336855716,2017-12-28 06:09:09.664752,
2016-11-30,AAPL,111.60,112.20,110.27,110.52,36162258,-0.41,50.88,46.62,-0.23,0.77,84.77,111.62,0.16,300693458,2017-12-28 06:09:09.664752,
2016-12-01,AAPL,110.36,110.94,109.03,109.49,37086862,-0.49,53.03,42.80,-0.35,0.65,76.49,111.35,0.19,263606596,2017-12-28 06:09:09.664752,
2016-12-02,AAPL,109.17,110.09,108.85,109.90,26527997,-0.51,53.87,44.74,-0.31,0.69,70.29,110.99,0.14,290134593,2017-12-28 06:09:09.664752,
2016-12-05,AAPL,110.00,110.03,108.25,109.11,34324540,-0.59,55.77,41.80,-0.53,0.47,60.28,110.53,0.07,255810053,2017-12-28 06:09:09.664752,
2016-12-06,AAPL,109.50,110.36,109.19,109.95,26195462,-0.57,55.23,45.87,-0.43,0.57,57.81,110.18,0.04,282005515,2017-12-28 06:09:09.664752,
2016-12-07,AAPL,109.26,111.19,109.16,111.03,29998719,-0.47,52.06,50.65,-0.34,0.66,56.68,110.07,-0.02,312004234,2017-12-28 06:09:09.664752,
2016-12-08,AAPL,110.86,112.43,110.60,112.12,27068316,-0.30,52.13,54.97,-0.08,0.92,71.71,110.29,-0.10,339072550,2017-12-28 06:09:09.664752,
2016-12-09,AAPL,112.31,114.70,112.31,113.95,34402627,-0.01,52.97,61.13,-0.12,0.88,82.11,110.91,-0.20,373475177,2017-12-28 06:09:09.664752,
2016-12-12,AAPL,113.29,115.00,112.49,113.30,26374377,0.16,45.93,58.09,-0.25,0.75,85.04,111.63,-0.13,347100800,2017-12-28 06:09:09.664752,
2016-12-13,AAPL,113.84,115.92,113.75,115.19,43733811,0.44,48.41,63.73,-0.10,0.90,84.56,112.52,-0.12,390834611,2017-12-28 06:09:09.664752,
2016-12-14,AAPL,115.04,116.20,114.98,115.19,34031834,0.66,55.81,63.73,-0.13,0.87,84.20,113.41,-0.06,390834611,2017-12-28 06:09:09.664752,
2016-12-15,AAPL,115.38,116.73,115.23,115.82,46524544,0.87,59.34,65.53,-0.11,0.89,89.02,114.26,-0.08,437359155,2017-12-28 06:09:09.664752,
2016-12-16,AAPL,116.47,116.50,115.64,115.97,44351134,1.04,60.94,65.96,-0.09,0.91,89.20,115.00,-0.27,481710289,2017-12-28 06:09:09.664752,
2016-12-19,AAPL,115.80,117.38,115.75,116.64,27779423,1.22,66.91,67.89,-0.08,0.92,90.73,115.65,0.14,509489712,2017-12-28 06:09:09.664752,
2016-12-20,AAPL,116.74,117.50,116.68,116.95,21424965,1.36,73.66,68.78,-0.06,0.94,92.33,116.22,-0.04,530914677,2017-12-28 06:09:09.664752,
2016-12-21,AAPL,116.80,117.40,116.78,117.06,23783165,1.47,81.01,69.10,-0.05,0.95,93.73,116.68,-0.02,554697842,2017-12-28 06:09:09.664752,
2016-12-22,AAPL,116.35,116.51,115.64,116.29,26085854,1.48,80.81,64.07,-0.13,0.87,92.07,116.94,-0.21,528611988,2017-12-28 06:09:09.664752,
2016-12-23,AAPL,115.59,116.52,115.59,116.52,14249484,1.49,87.66,64.90,-0.12,0.88,90.14,117.04,0.02,542861472,2017-12-28 06:09:09.664752,
2016-12-27,AAPL,116.52,117.80,116.49,117.26,18296855,1.53,87.47,67.47,-0.06,0.94,89.64,117.13,-0.03,561158327,2017-12-28 06:09:09.664752,
2016-12-28,AAPL,117.52,118.02,116.20,116.76,20905892,1.51,82.06,64.05,-0.17,0.83,88.34,117.17,0.07,540252435,2017-12-28 06:09:09.664752,
2016-12-29,AAPL,116.45,117.11,116.40,116.73,15039519,1.48,77.75,63.84,-0.23,0.77,84.73,117.15,0.12,525212916,2017-12-28 06:09:09.664752,
2016-12-30,AAPL,116.65,117.20,115.43,115.82,30586265,1.36,69.79,57.68,-0.40,0.60,73.55,117.00,0.07,494626651,2017-12-28 06:09:09.664752,
2017-01-03,AAPL,115.80,116.33,114.76,116.15,28781865,1.28,69.28,59.22,-0.44,0.56,64.61,116.79,-0.01,523408516,2017-12-28 06:09:09.664752,
2017-01-04,AAPL,115.85,116.51,115.75,116.02,21118116,1.19,67.45,58.32,-0.61,0.39,51.69,116.58,-0.03,502290400,2017-12-28 06:09:09.664752,
2017-01-05,AAPL,115.92,116.86,115.81,116.61,22193587,1.15,66.41,61.20,-0.43,0.57,50.53,116.46,-0.09,524483987,2017-12-28 06:09:09.664752,
2017-01-06,AAPL,116.78,118.16,116.47,117.91,31751900,1.22,65.03,66.66,-0.07,0.93,62.68,116.57,-0.16,556235887,2017-12-28 06:09:09.664752,
2017-01-09,AAPL,117.95,119.43,117.94,118.99,33561948,1.34,63.99,70.39,-0.09,0.91,79.99,116.97,-0.26,589797835,2017-12-28 06:09:09.664752,
2017-01-10,AAPL,118.77,119.38,118.30,119.11,24462051,1.43,63.69,70.78,-0.07,0.93,92.12,117.52,-0.18,614259886,2017-12-28 06:09:09.664752,
2017-01-11,AAPL,118.74,119.93,118.60,119.75,27588593,1.53,64.41,72.84,-0.03,0.97,93.41,118.14,-0.17,641848479,2017-12-28 06:09:09.664752,
2017-01-12,AAPL,118.90,119.30,118.21,119.25,27086220,1.56,56.76,68.76,-0.13,0.87,92.17,118.68,-0.10,614762259,2017-12-28 06:09:09.664752,
2017-01-13,AAPL,119.11,119.62,118.81,119.04,26111948,1.54,64.39,67.06,-0.17,0.83,88.72,119.05,-0.12,588650311,2017-12-28 06:09:09.664752,
2017-01-17,AAPL,118.34,120.24,118.22,120.00,34439843,1.59,66.44,70.63,-0.04,0.96,88.42,119.38,-0.08,623090154,2017-12-28 06:09:09.664752,
2017-01-18,AAPL,120.00,120.50,119.71,119.99,23712961,1.61,66.99,70.55,-0.09,0.91,89.84,119.66,0.50,599377193,2017-12-28 06:09:09.664752,
2017-01-19,AAPL,119.40,120.09,119.37,119.78,25597291,1.59,66.04,68.66,-0.13,0.87,91.40,119.86,0.07,573779902,2017-12-28 06:09:09.664752,
2017-01-20,AAPL,120.45,120.45,119.73,120.00,32597892,1.57,71.44,69.58,-0.09,0.91,89.95,120.00,0.06,606377794,2017-12-28 06:09:09.664752,
2017-01-23,AAPL,120.00,120.81,119.77,120.08,22050218,1.54,78.73,69.92,-0.12,0.88,88.89,120.10,-0.19,628428012,2017-12-28 06:09:09.664752,
2017-01-24,AAPL,119.55,120.10,119.50,119.97,23211038,1.50,79.70,68.77,-0.17,0.83,87.54,120.16,0.07,605216974,2017-12-28 06:09:09.664752,
2017-01-25,AAPL,120.42,122.10,120.28,121.88,32586673,1.60,80.36,76.14,-0.03,0.97,89.28,120.40,0.01,637803647,2017-12-28 06:09:09.664752,
2017-01-26,AAPL,121.67,122.44,121.60,121.94,26337576,1.66,80.62,76.32,-0.08,0.92,90.51,120.78,0.11,664141223,2017-12-28 06:09:09.664752,
2017-01-27,AAPL,122.14,122.35,121.60,121.95,20562944,1.70,74.60,76.36,-0.11,0.89,92.41,121.18,0.16,684704167,2017-12-28 06:09:09.664752,
2017-01-30,AAPL,120.93,121.63,120.66,121.63,30377503,1.68,66.29,72.80,-0.19,0.81,87.20,121.50,0.11,654326664,2017-12-28 06:09:09.664752,
2017-01-31,AAPL,121.15,121.39,120.62,121.35,49200993,1.62,56.09,69.73,-0.26,0.74,81.40,121.68,0.02,605125671,2017-12-28 06:09:09.664752,
2017-02-01,AAPL,127.03,130.49,127.01,128.75,111985040,2.15,64.30,86.23,-0.14,0.86,80.30,122.60,-0.01,717110711,2017-12-28 06:09:09.664752,
2017-02-02,AAPL,127.98,129.39,127.78,128.53,33710411,2.52,63.12,84.75,-0.16,0.84,81.36,124.02,-0.07,683400300,2017-12-28 06:09:09.664752,
2017-02-03,AAPL,128.31,129.19,128.16,129.08,24507301,2.82,63.15,85.42,-0.11,0.89,86.12,125.59,-0.15,707907601,2017-12-28 06:09:09.664752,
2017-02-06,AAPL,129.13,130.50,128.90,130.29,26625000,3.13,62.75,86.80,-0.02,0.98,90.22,127.16,-0.26,734532601,2017-12-01 12:12:43.761417,
2017-02-07,AAPL,130.54,132.09,130.45,131.53,38075200,3.43,64.04,88.05,-0.04,0.96,94.07,128.68,-0.18,772607801,2017-12-01 12:12:43.761417,
2017-02-08,AAPL,131.35,132.22,131.22,132.04,23336500,3.67,68.98,88.53,-0.01,0.99,97.43,130.04,-0.16,795944301,2017-12-01 12:12:43.761417,
2017-02-09,AAPL,131.65,132.45,131.12,132.42,27991000,3.84,68.87,88.89,0.00,1.00,97.98,131.19,-0.10,823935301,2017-12-01 12:12:43.761417,
2017-02-10,AAPL,132.46,132.94,132.05,132.12,19764500,3.91,68.85,86.59,-0.06,0.94,97.42,132.03,-0.12,804170801,2017-12-01 12:12:43.761417,
2017-02-13,AAPL,133.08,133.82,132.75,133.29,22926400,4.01,73.47,87.90,-0.04,0.96,96.58,132.70,-0.07,827097201,2017-12-01 12:12:43.761417,
2017-02-14,AAPL,133.47,135.09,133.25,135.02,32815500,4.19,73.66,89.54,0.00,1.00,96.50,133.41,-0.05,859912701,2017-12-01 12:12:43.761417,
2017-02-15,AAPL,135.52,136.27,134.62,135.51,35501600,4.31,74.31,89.95,-0.05,0.95,96.92,134.16,-0.46,895414301,2017-12-01 12:12:43.761417,
2017-02-16,AAPL,135.67,135.90,134.84,135.35,22118000,4.35,73.76,88.72,-0.06,0.94,96.26,134.83,-0.21,873296301,2017-12-01 12:12:43.761417,
2017-02-17,AAPL,135.10,135.83,135.10,135.72,22084500,4.36,79.23,89.09,-0.04,0.96,95.25,135.38,-0.46,895380801,2017-12-01 12:12:43.761417,
2017-02-21,AAPL,136.23,136.75,135.98,136.70,24265100,4.40,88.05,90.03,-0.01,0.99,96.70,135.90,-0.04,919645901,2017-12-01 12:12:43.761417,
2017-02-22,AAPL,136.43,137.12,136.11,137.11,20745300,4.41,85.27,90.40,0.00,1.00,98.62,136.41,-0.09,940391201,2017-12-01 12:12:43.761417,
2017-02-23,AAPL,137.38,137.48,136.30,136.53,20704100,4.32,87.93,85.53,-0.10,0.90,96.40,136.77,0.05,919687101,2017-12-01 12:12:43.761417,
2017-02-24,AAPL,135.91,136.66,135.28,136.66,21690900,4.21,81.73,85.72,-0.10,0.90,93.38,137.00,0.11,941378001,2017-12-01 12:12:43.761417,
2017-02-27,AAPL,137.14,137.44,136.28,136.93,20196400,4.10,81.46,86.12,-0.08,0.92,90.81,137.15,0.06,961574401,2017-12-01 12:12:43.761417,
2017-02-28,AAPL,137.08,137.44,136.70,136.99,23403500,3.97,80.73,86.21,-0.08,0.92,91.64,137.24,-0.04,984977901,2017-12-01 12:12:43.761417,
2017-03-01,AAPL,137.89,140.15,137.60,139.79,36272400,4.05,81.53,89.66,-0.04,0.96,93.50,137.61,-0.06,1021250301,2017-12-01 12:12:43.761417,
2017-03-02,AAPL,140.00,140.28,138.76,138.96,26153300,4.00,81.51,83.03,-0.16,0.84,90.76,138.07,-0.12,995097001,2017-12-01 12:12:43.761417,
2017-03-03,AAPL,138.78,139.83,138.59,139.78,21108100,3.98,81.63,84.27,-0.07,0.93,91.11,138.60,-0.20,1016205101,2017-12-01 12:12:43.761417,
2017-03-06,AAPL,139.37,139.77,138.60,139.34,21155300,3.88,75.42,80.86,-0.13,0.87,87.98,139.04,-0.31,995049801,2017-12-01 12:12:43.761417,
2017-03-07,AAPL,139.06,139.98,138.79,139.52,17267500,3.77,74.34,81.20,-0.13,0.87,88.85,139.38,-0.22,1012317301,2017-12-01 12:12:43.761417,
2017-03-08,AAPL,138.95,139.80,138.82,139.00,18681800,3.61,67.05,77.00,-0.24,0.76,83.22,139.55,-0.20,993635501,2017-12-01 12:12:43.761417,
2017-03-09,AAPL,138.74,138.79,137.05,138.68,22065200,3.41,66.97,74.46,-0.31,0.69,77.38,139.54,-0.13,971570301,2017-12-01 12:12:43.761417,
2017-03-10,AAPL,139.25,139.36,138.64,139.14,19488000,3.25,66.75,75.70,-0.23,0.77,74.26,139.49,-0.15,991058301,2017-12-01 12:12:43.761417,
2017-03-13,AAPL,138.85,139.43,138.82,139.20,17042400,3.10,66.01,75.87,-0.22,0.78,74.90,139.42,-0.10,1008100701,2017-12-01 12:12:43.761417,
2017-03-14,AAPL,139.30,139.65,138.84,138.99,15189700,2.92,65.42,73.97,-0.26,0.74,76.60,139.35,-0.07,992911001,2017-12-01 12:12:43.761417,
2017-03-15,AAPL,139.41,140.75,139.03,140.46,25566800,2.87,72.72,78.10,-0.05,0.95,82.43,139.44,-0.02,1018477801,2017-12-01 12:12:43.761417,
2017-03-16,AAPL,140.72,141.02,140.26,140.69,19132500,2.82,79.57,78.67,-0.07,0.93,87.31,139.69,0.03,1037610301,2017-12-01 12:12:43.761417,
2017-03-17,AAPL,141.00,141.00,139.89,139.99,43597400,2.68,67.62,72.49,-0.24,0.76,87.96,139.91,-0.46,994012901,2017-12-01 12:12:43.761417,
2017-03-20,AAPL,140.40,141.50,140.23,141.46,20213100,2.67,67.36,76.64,-0.01,0.99,89.43,140.22,0.07,1014226001,2017-12-01 12:12:43.761417,
2017-03-21,AAPL,142.11,142.80,139.73,139.84,39116800,2.50,55.59,65.00,-0.51,0.49,74.59,140.40,-0.02,975109201,2017-12-01 12:12:43.761417,
2017-03-22,AAPL,139.85,141.60,139.76,141.42,25787600,2.46,55.58,69.81,-0.24,0.76,74.54,140.62,0.13,1000896801,2017-12-01 12:12:43.761417,
2017-03-23,AAPL,141.26,141.58,140.61,140.92,20285700,2.36,55.50,66.69,-0.33,0.67,63.94,140.80,0.19,980611101,2017-12-01 12:12:43.761417,
2017-03-24,AAPL,141.50,141.74,140.35,140.64,22025300,2.24,55.31,64.94,-0.38,0.62,68.58,140.90,0.12,958585801,2017-12-01 12:12:43.761417,
2017-03-27,AAPL,139.39,141.22,138.62,140.88,23493200,2.13,49.08,65.77,-0.33,0.67,65.45,140.95,0.01,982079001,2017-12-01 12:12:43.761417,
2017-03-28,AAPL,140.91,144.04,140.62,143.80,33320700,2.26,56.68,73.88,-0.03,0.97,75.20,141.32,-0.03,1015399701,2017-12-01 12:12:43.761417,
2017-03-29,AAPL,143.68,144.49,143.19,144.12,29120900,2.36,63.80,74.59,-0.06,0.94,85.62,141.94,-0.10,1044520601,2017-12-01 12:12:43.761417,
2017-03-30,AAPL,144.19,144.50,143.50,143.93,21179100,2.39,64.05,73.31,-0.10,0.90,93.52,142.61,-0.19,1023341501,2017-12-01 12:12:43.761417,
2017-03-31,AAPL,143.72,144.27,143.01,143.66,19534100,2.37,58.81,71.44,-0.14,0.86,89.91,143.17,-0.30,1003807401,2017-12-01 12:12:43.761417,
2017-04-03,AAPL,143.71,144.12,143.05,143.70,19967200,2.33,53.82,71.56,-0.14,0.86,87.47,143.57,-0.21,1023774601,2017-12-01 12:12:43.761417,
2017-04-04,AAPL,143.25,144.89,143.17,144.77,19765700,2.36,53.16,74.53,-0.02,0.98,90.06,143.95,-0.18,1043540301,2017-12-01 12:12:43.761417,
2017-04-05,AAPL,144.22,145.46,143.81,144.02,27481500,2.29,54.31,69.08,-0.21,0.79,87.81,144.21,-0.11,1016058801,2017-12-01 12:12:43.761417,
2017-04-06,AAPL,144.29,144.52,143.45,143.66,21118000,2.19,57.74,66.57,-0.26,0.74,83.57,144.31,-0.14,994940801,2017-12-01 12:12:43.761417,
2017-04-07,AAPL,143.73,144.18,143.27,143.34,16621300,2.05,52.39,64.32,-0.31,0.69,73.88,144.25,-0.09,978319501,2017-12-01 12:12:43.761417,
2017-04-10,AAPL,143.60,143.88,142.90,143.17,18473000,1.91,55.69,63.11,-0.33,0.67,69.74,144.07,-0.05,959846501,2017-12-01 12:12:43.761417,
2017-04-11,AAPL,142.94,143.35,140.06,141.63,30275300,1.66,47.02,53.28,-0.56,0.44,59.84,143.68,-0.01,929571201,2017-12-01 12:12:43.761417,
2017-04-12,AAPL,141.60,142.15,141.01,141.80,20238900,1.45,40.81,54.13,-0.54,0.46,52.34,143.18,0.03,949810101,2017-12-01 12:12:43.761417,
2017-04-13,AAPL,141.91,142.38,141.05,141.05,17652900,1.21,41.35,49.82,-0.64,0.36,42.01,142.62,-0.93,932157201,2017-12-01 12:12:43.761417,
2017-04-17,AAPL,141.48,141.88,140.87,141.83,16424000,1.08,47.47,53.93,-0.67,0.33,38.27,142.17,0.09,948581201,2017-12-01 12:12:43.761417,
2017-04-18,AAPL,141.41,142.04,141.11,141.20,14660800,0.91,39.14,50.35,-0.79,0.21,29.81,141.79,-0.04,933920401,2017-12-01 12:12:43.761417,
2017-04-19,AAPL,141.88,142.00,140.45,140.68,17271300,0.72,30.41,47.54,-0.89,0.11,21.79,141.43,0.14,916649101,2017-12-01 12:12:43.761417,
2017-04-20,AAPL,141.22,142.92,141.16,142.44,23251100,0.71,30.85,56.40,-0.56,0.44,25.56,141.32,0.21,939900201,2017-12-01 12:12:43.761417,
2017-04-21,AAPL,142.44,142.68,141.85,142.27,17245200,0.68,37.25,55.42,-0.59,0.41,32.16,141.39,0.13,922655001,2017-12-01 12:12:43.761417,
2017-04-24,AAPL,143.50,143.95,143.18,143.64,17099200,0.75,43.84,61.23,-0.34,0.66,50.43,141.72,0.00,939754201,2017-12-01 12:12:43.761417,
2017-04-25,AAPL,143.91,144.90,143.87,144.53,18290300,0.87,43.54,64.47,-0.17,0.83,63.33,142.28,-0.03,958044501,2017-12-01 12:12:43.761417,
2017-04-26,AAPL,144.47,144.60,143.38,143.68,19769400,0.89,34.45,59.37,-0.25,0.75,74.62,142.83,-0.11,938275101,2017-12-01 12:12:43.761417,
2017-04-27,AAPL,143.92,144.16,143.31,143.79,14106100,0.91,35.38,59.81,-0.23,0.77,78.21,143.27,-0.20,952381201,2017-12-01 12:12:43.761417,
2017-04-28,AAPL,144.09,144.30,143.27,143.65,20763500,0.89,34.82,58.93,-0.26,0.74,75.34,143.58,-0.32,931617701,2017-12-01 12:12:43.761417,
2017-05-01,AAPL,145.10,147.20,144.96,146.58,33424500,1.11,45.07,69.17,-0.09,0.91,80.85,144.10,-0.22,965042201,2017-12-01 12:12:43.761417,
2017-05-02,AAPL,147.54,148.09,146.84,147.51,40290100,1.34,57.52,71.59,-0.08,0.92,85.97,144.87,-0.19,1005332301,2017-12-01 12:12:43.761417,
2017-05-03,AAPL,145.59,147.49,144.27,147.06,45404200,1.47,52.75,68.77,-0.13,0.87,90.08,145.66,-0.12,959928101,2017-12-01 12:12:43.761417,
2017-05-04,AAPL,146.52,147.14,145.81,146.53,23309300,1.51,59.06,65.51,-0.20,0.80,86.17,146.27,-0.14,936618801,2017-12-01 12:12:43.761417,
2017-05-05,AAPL,146.76,148.98,146.76,148.96,26787400,1.72,60.47,72.06,0.00,1.00,88.62,146.95,-0.09,963406201,2017-12-01 12:12:43.761417,
2017-05-08,AAPL,149.03,153.70,149.03,153.01,48427600,2.19,68.27,79.16,-0.05,0.95,91.38,148.12,-0.06,1011833801,2017-12-01 12:12:43.761417,
2017-05-09,AAPL,153.87,154.88,153.45,153.99,38058600,2.61,74.47,80.46,-0.06,0.94,96.02,149.64,-0.01,1049892401,2017-12-01 12:12:43.761417,
2017-05-10,AAPL,153.63,153.94,152.11,153.26,25758300,2.85,67.89,76.64,-0.12,0.88,91.96,151.10,0.03,1024134101,2017-12-01 12:12:43.761417,
2017-05-11,AAPL,152.45,154.07,152.31,153.95,26314700,3.06,68.75,77.71,-0.08,0.92,91.04,152.36,0.06,1050448801,2017-12-01 12:12:43.761417,
2017-05-12,AAPL,154.70,156.42,154.67,156.10,32221800,3.36,70.05,80.70,-0.02,0.98,92.39,153.59,0.76,1082670601,2017-12-01 12:12:43.761417,
2017-05-15,AAPL,156.01,156.65,155.05,155.70,26009719,3.53,70.72,78.59,-0.07,0.93,94.17,154.64,0.30,1056660882,2017-12-01 12:12:43.761417,
2017-05-16,AAPL,155.94,156.06,154.72,155.47,20048478,3.60,70.42,77.34,-0.09,0.91,93.88,155.41,0.40,1036612404,2017-12-01 12:12:43.761417,
2017-05-17,AAPL,153.60,154.57,149.71,150.25,49482818,3.20,64.81,55.67,-0.48,0.52,78.75,155.29,0.44,987129586,2017-12-01 12:12:43.761417,
2017-05-18,AAPL,151.27,153.34,151.13,152.54,33429851,3.03,70.07,60.85,-0.33,0.67,70.05,154.79,0.30,1020559437,2017-12-01 12:12:43.761417,
2017-05-19,AAPL,153.38,153.98,152.63,153.06,26960788,2.91,69.75,61.94,-0.29,0.71,63.32,154.26,0.13,1047520225,2017-12-01 12:12:43.761417,
2017-05-22,AAPL,154.00,154.58,152.91,153.99,22647905,2.85,68.65,63.87,-0.21,0.79,72.11,153.94,0.08,1070168130,2017-12-01 12:12:43.761417,
2017-05-23,AAPL,154.90,154.90,153.31,153.80,19893241,2.76,77.27,63.17,-0.26,0.74,74.41,153.79,-0.02,1050274889,2017-12-01 12:12:43.761417,
2017-05-24,AAPL,153.84,154.17,152.67,153.34,19178016,2.62,72.47,61.40,-0.33,0.67,72.92,153.69,-0.14,1031096873,2017-12-01 12:12:43.761417,
2017-05-25,AAPL,153.73,154.35,153.03,153.87,19067207,2.52,72.02,62.69,-0.36,0.64,67.92,153.67,-0.28,1050164080,2017-12-01 12:12:43.761417,
2017-05-26,AAPL,154.00,154.24,153.31,153.61,21701070,2.39,64.39,61.60,-0.44,0.56,62.08,153.67,-0.18,1028463010,2017-12-01 12:12:43.761417,
2017-05-30,AAPL,153.42,154.43,153.33,153.67,20079735,2.27,62.62,61.77,-0.43,0.57,58.92,153.68,-0.15,1048542745,2017-12-01 12:12:43.761417,
2017-05-31,AAPL,153.97,154.17,152.38,152.76,24403264,2.08,62.85,57.70,-0.56,0.44,52.40,153.58,-0.08,1024139481,2017-12-01 12:12:43.761417,
2017-06-01,AAPL,153.17,153.33,152.22,153.18,16274244,1.94,57.18,59.04,-0.50,0.50,50.34,153.46,-0.11,1040413725,2017-12-01 12:12:43.761417,
2017-06-02,AAPL,153.58,155.45,152.89,155.45,27661773,1.99,56.58,65.42,-0.17,0.83,58.89,153.61,-0.05,1068075498,2017-12-01 12:12:43.761417,
2017-06-05,AAPL,154.34,154.45,153.46,153.93,25218705,1.88,49.12,58.81,-0.34,0.66,66.39,153.79,-0.02,1042856793,2017-12-01 12:12:43.761417,
2017-06-06,AAPL,153.90,155.81,153.78,154.45,26542946,1.82,55.82,60.29,-0.22,0.78,75.62,153.99,0.03,1069399739,2017-12-01 12:12:43.761417,
2017-06-07,AAPL,155.02,155.98,154.48,155.37,20963632,1.82,67.11,62.83,-0.13,0.87,77.19,154.27,0.07,1090363371,2017-12-01 12:12:43.761417,
2017-06-08,AAPL,155.25,155.54,154.40,154.99,21112293,1.77,59.04,61.09,-0.26,0.74,79.60,154.55,0.09,1069251078,2017-12-01 12:12:43.761417,
2017-06-09,AAPL,155.19,155.19,146.02,148.98,64442979,1.23,45.22,41.53,-0.70,0.30,63.60,154.08,0.07,1004808099,2017-12-01 12:12:43.761417,
2017-06-12,AAPL,145.74,146.09,142.51,145.42,71988769,0.51,34.27,34.48,-0.78,0.22,41.66,152.64,-0.30,932819330,2017-12-01 12:12:43.761417,
2017-06-13,AAPL,147.16,147.45,145.15,146.59,33929173,0.04,36.28,38.19,-0.70,0.30,27.20,150.88,0.20,966748503,2017-12-01 12:12:43.761417,
2017-06-14,AAPL,147.50,147.50,143.84,145.16,31531232,-0.45,35.34,35.54,-0.80,0.20,23.86,149.06,0.30,935217271,2017-12-28 06:09:09.664752,
2017-06-15,AAPL,143.32,144.48,142.21,144.29,31546943,-0.90,30.01,34.00,-0.85,0.15,21.69,147.35,0.15,903670328,2017-12-01 12:12:43.761417,
2017-06-16,AAPL,143.78,144.50,142.20,142.27,50207415,-1.40,28.35,30.66,-0.99,0.01,11.76,145.69,-0.03,853462913,2017-12-01 12:12:43.761417,
2017-06-19,AAPL,143.66,146.74,143.66,146.34,32091737,-1.45,29.95,42.83,-0.70,0.30,15.22,144.70,-0.07,885554650,2017-12-01 12:12:43.761417,
2017-06-20,AAPL,146.87,146.87,144.94,145.01,24656114,-1.58,35.08,40.34,-0.80,0.20,16.98,144.19,-0.16,860898536,2017-12-01 12:12:43.761417,
2017-06-21,AAPL,145.52,146.07,144.61,145.87,21202929,-1.59,34.78,42.66,-0.73,0.27,25.69,144.10,-0.27,882101465,2017-12-01 12:12:43.761417,
2017-06-22,AAPL,145.77,146.70,145.12,145.63,19030481,-1.61,33.38,42.17,-0.75,0.25,23.97,144.24,-0.39,863070984,2017-12-01 12:12:43.761417,
2017-06-23,AAPL,145.13,147.16,145.11,146.28,33917635,-1.55,39.86,44.05,-0.70,0.30,27.04,144.55,-0.27,896988619,2017-12-01 12:12:43.761417,
2017-06-26,AAPL,147.17,148.28,145.38,145.82,25617730,-1.52,39.56,42.98,-0.74,0.26,26.92,144.89,-0.24,871370889,2017-12-01 12:12:43.761417,
2017-06-27,AAPL,145.01,146.16,143.62,143.73,24546981,-1.65,34.81,38.42,-0.89,0.11,22.45,144.93,-0.15,846823908,2017-12-01 12:12:43.761417,
2017-06-28,AAPL,144.49,146.11,143.16,145.83,21982505,-1.56,39.34,44.77,-0.72,0.28,21.89,144.99,-0.17,868806413,2017-12-01 12:12:43.761417,
2017-06-29,AAPL,144.71,145.13,142.28,143.68,31293782,-1.65,42.44,40.20,-0.76,0.24,21.25,144.86,-0.11,837512631,2017-12-01 12:12:43.761417,
2017-06-30,AAPL,144.45,144.96,143.78,144.02,22790770,-1.67,53.21,41.22,-0.70,0.30,27.41,144.63,-0.07,860303401,2017-12-01 12:12:43.761417,
2017-07-03,AAPL,144.88,145.30,143.10,143.50,14277279,-1.71,47.07,40.09,-0.79,0.21,25.22,144.34,-0.02,846026122,2017-12-01 12:12:43.761417,
2017-07-05,AAPL,143.69,144.79,142.72,144.09,21361617,-1.67,48.39,42.03,-0.69,0.31,27.47,144.10,0.03,867387739,2017-12-01 12:12:43.761417,
2017-07-06,AAPL,143.02,143.50,142.41,142.73,23509976,-1.73,49.46,38.91,-0.91,0.09,20.39,143.80,0.05,843877763,2017-12-01 12:12:43.761417,
2017-07-07,AAPL,142.90,144.75,142.90,144.18,18505351,-1.64,59.56,43.71,-0.68,0.32,23.82,143.63,0.03,862383114,2017-12-01 12:12:43.761417,
2017-07-10,AAPL,144.11,145.95,143.37,145.06,21071698,-1.49,58.16,46.46,-0.54,0.46,28.91,143.71,0.00,883454812,2017-12-01 12:12:43.761417,
2017-07-11,AAPL,144.73,145.85,144.38,145.53,18599540,-1.31,57.35,47.92,-0.46,0.54,44.06,144.00,0.61,902054352,2017-12-01 12:12:43.761417,
2017-07-12,AAPL,145.87,146.18,144.82,145.74,23617964,-1.14,64.33,48.60,-0.42,0.58,52.72,144.41,0.61,925672316,2017-12-01 12:12:43.761417,
2017-07-13,AAPL,145.50,148.49,145.44,147.77,25033364,-0.83,65.02,54.72,-0.12,0.88,66.75,145.08,0.30,950705680,2017-12-01 12:12:43.761417,
2017-07-14,AAPL,147.97,149.33,147.33,149.04,20064938,-0.48,63.49,58.08,-0.04,0.96,80.65,145.99,0.03,970770618,2017-12-01 12:12:43.761417,
2017-07-17,AAPL,148.82,150.90,148.57,149.56,23736108,-0.15,63.33,59.41,-0.16,0.84,89.58,147.02,-0.03,994506726,2017-12-01 12:12:43.761417,
2017-07-18,AAPL,149.20,150.13,148.67,150.08,17804786,0.14,64.59,60.75,-0.10,0.90,90.28,148.05,-0.14,1012311512,2017-12-01 12:12:43.761417,
2017-07-19,AAPL,150.48,151.42,149.95,151.02,20817966,0.45,64.56,63.12,-0.04,0.96,90.19,149.05,-0.27,1033129478,2017-12-01 12:12:43.761417,
2017-07-20,AAPL,151.50,151.74,150.19,150.34,17118045,0.63,67.48,60.29,-0.15,0.85,90.37,149.83,-0.40,1016011433,2017-12-01 12:12:43.761417,
2017-07-21,AAPL,149.99,150.44,148.88,150.27,25070284,0.76,59.04,59.99,-0.16,0.84,88.29,150.37,-0.26,990941149,2017-12-01 12:12:43.761417,
2017-07-24,AAPL,150.58,152.44,149.90,152.09,21304676,0.99,64.82,64.86,-0.03,0.97,88.58,150.89,-0.23,1012245825,2017-12-01 12:12:43.761417,
2017-07-25,AAPL,151.80,153.84,151.80,152.74,18714441,1.22,71.69,66.44,-0.10,0.90,90.38,151.46,-0.14,1030960266,2017-12-01 12:12:43.761417,
2017-07-26,AAPL,153.35,153.93,153.06,153.46,15415545,1.44,78.90,68.14,-0.04,0.96,94.21,152.09,-0.16,1046375811,2017-12-01 12:12:43.761417,
2017-07-27,AAPL,153.75,153.99,147.30,150.56,32349234,1.37,69.08,55.85,-0.32,0.68,84.61,152.35,-0.10,1014026577,2017-12-01 12:12:43.761417,
2017-07-28,AAPL,149.89,150.23,149.19,149.50,16929702,1.21,63.01,52.15,-0.47,0.53,72.24,152.14,-0.06,997096875,2017-12-01 12:12:43.761417,
2017-07-31,AAPL,149.90,150.33,148.13,148.73,19614243,1.01,56.64,49.58,-0.57,0.43,54.54,151.56,0.00,977482632,2017-12-01 12:12:43.761417,
2017-08-01,AAPL,149.10,150.22,148.41,150.05,24990852,0.95,56.93,53.79,-0.46,0.54,49.95,150.99,0.04,1002473484,2017-12-01 12:12:43.761417,
2017-08-02,AAPL,159.28,159.75,156.16,157.14,69555641,1.45,62.94,68.83,-0.21,0.79,58.53,151.37,0.07,1072029125,2017-12-01 12:12:43.761417,
2017-08-03,AAPL,157.05,157.21,155.02,155.57,26497103,1.71,55.99,63.87,-0.34,0.66,66.46,152.28,0.05,1045532022,2017-12-01 12:12:43.761417,
2017-08-04,AAPL,156.07,157.40,155.69,156.39,20467461,1.95,55.70,65.28,-0.27,0.73,72.82,153.43,0.01,1065999483,2017-12-01 12:12:43.761417,
2017-08-07,AAPL,157.06,158.92,156.67,158.81,21329677,2.31,61.25,69.10,-0.08,0.92,77.30,154.81,0.02,1087329160,2017-12-01 12:12:43.761417,
2017-08-08,AAPL,158.60,161.83,158.27,160.08,36041631,2.67,63.06,70.91,-0.12,0.88,84.47,156.34,0.61,1123370791,2017-12-01 12:12:43.761417,
2017-08-09,AAPL,159.26,161.27,159.11,161.06,25845053,3.00,68.52,72.26,-0.05,0.95,91.70,157.90,0.08,1149215844,2017-12-01 12:12:43.761417,
2017-08-10,AAPL,159.90,160.00,154.63,155.32,39493343,2.77,65.76,55.89,-0.45,0.55,79.28,158.59,-0.22,1109722501,2017-12-01 12:12:43.761417,
2017-08-11,AAPL,156.60,158.57,156.07,157.48,26180743,2.73,66.26,59.60,-0.30,0.70,73.32,158.79,-0.24,1135903244,2017-12-01 12:12:43.761417,
2017-08-14,AAPL,159.32,160.21,158.75,159.85,22027055,2.85,66.61,63.25,-0.14,0.86,70.54,158.99,-0.32,1157930299,2017-12-01 12:12:43.761417,
2017-08-15,AAPL,160.66,162.20,160.14,161.60,29208772,3.06,67.83,65.72,-0.04,0.96,84.14,159.47,-0.42,1187139071,2017-12-01 12:12:43.761417,
2017-08-16,AAPL,161.94,162.51,160.15,160.95,27507779,3.13,68.30,64.00,-0.11,0.89,90.50,160.03,-0.52,1159631292,2017-12-01 12:12:43.761417,
2017-08-17,AAPL,160.52,160.71,157.84,157.86,27134017,2.90,66.45,56.45,-0.32,0.68,84.26,160.17,-0.36,1132497275,2017-12-01 12:12:43.761417,
2017-08-18,AAPL,157.86,159.50,156.72,157.50,27353246,2.67,65.06,55.63,-0.36,0.64,73.76,159.91,-0.32,1105144029,2017-12-01 12:12:43.761417,
2017-08-21,AAPL,157.50,157.89,155.11,157.21,26177489,2.43,59.16,54.93,-0.67,0.33,54.96,159.39,-0.20,1078966540,2017-12-01 12:12:43.761417,
2017-08-22,AAPL,158.23,160.00,158.02,159.78,21461400,2.42,54.00,59.73,-0.35,0.65,54.19,159.09,-0.23,1100427940,2017-12-01 12:12:43.761417,
2017-08-23,AAPL,159.07,160.47,158.88,159.98,19284366,2.40,60.21,60.09,-0.32,0.68,55.33,159.07,-0.15,1119712306,2017-12-01 12:12:43.761417,
2017-08-24,AAPL,160.43,160.74,158.55,159.27,19224610,2.30,54.88,58.12,-0.41,0.59,64.04,159.14,-0.11,1100487696,2017-12-01 12:12:43.761417,
2017-08-25,AAPL,159.65,160.56,159.27,159.86,25155183,2.24,55.38,59.32,-0.34,0.66,64.38,159.29,-0.04,1125642879,2017-12-01 12:12:43.761417,
2017-08-28,AAPL,160.14,162.00,159.93,161.47,25589251,2.30,54.10,62.45,-0.13,0.87,70.69,159.65,0.01,1151232130,2017-12-01 12:12:43.761417,
2017-08-29,AAPL,160.10,163.12,160.00,162.91,29602736,2.43,54.61,65.05,-0.02,0.98,83.57,160.30,0.04,1180834866,2017-12-01 12:12:43.761417,
2017-08-30,AAPL,163.80,163.89,162.61,163.35,27099418,2.55,64.16,65.83,-0.06,0.94,92.73,161.12,0.01,1207934284,2017-12-01 12:12:43.761417,
2017-08-31,AAPL,163.64,164.52,163.48,164.00,26666429,2.66,64.32,67.00,-0.06,0.94,95.28,162.00,-0.02,1234600713,2017-12-01 12:12:43.761417,
2017-09-01,AAPL,164.80,164.94,163.63,164.05,16552821,2.72,63.81,67.09,-0.09,0.91,93.09,162.81,-0.02,1251153534,2017-12-01 12:12:43.761417,
2017-09-05,AAPL,163.75,164.25,160.56,162.08,29317054,2.58,55.33,59.91,-0.29,0.71,85.44,163.23,0.02,1221836480,2017-12-01 12:12:43.761417,
2017-09-06,AAPL,162.71,162.99,160.52,161.91,21179047,2.42,56.35,59.32,-0.31,0.69,77.01,163.29,-0.39,1200657433,2017-12-01 12:12:43.761417,
2017-09-07,AAPL,162.09,162.24,160.36,161.26,21722995,2.22,57.19,57.01,-0.37,0.63,67.55,163.06,-0.55,1178934438,2017-12-01 12:12:43.761417,
2017-09-08,AAPL,160.86,161.15,158.53,158.63,28352551,1.83,56.97,48.73,-0.64,0.36,55.85,162.37,-0.47,1150581887,2017-12-01 12:12:43.761417,
2017-09-11,AAPL,160.50,162.05,159.89,161.50,31085904,1.73,65.11,56.20,-0.50,0.50,49.55,161.78,-0.50,1181667791,2017-12-01 12:12:43.761417,
2017-09-12,AAPL,162.61,163.96,158.77,160.86,71357010,1.59,69.56,54.30,-0.64,0.36,40.82,161.34,-0.55,1110310781,2017-12-01 12:12:43.761417,
2017-09-13,AAPL,159.87,159.96,157.91,159.65,44813571,1.36,60.81,50.81,-0.75,0.25,37.13,160.90,-0.62,1065497210,2017-12-01 12:12:43.761417,
2017-09-14,AAPL,158.99,159.40,158.09,158.28,23192480,1.05,60.26,47.11,-0.95,0.05,22.12,160.32,-0.43,1042304730,2017-12-01 12:12:43.761417,
2017-09-15,AAPL,158.47,160.97,158.00,159.88,48203642,0.93,62.29,51.54,-0.72,0.28,19.35,159.88,-0.38,1090508372,2017-12-01 12:12:43.761417,
2017-09-18,AAPL,160.11,160.50,158.00,158.67,28046945,0.72,56.28,48.25,-0.89,0.11,14.70,159.48,-0.25,1062461427,2017-12-01 12:12:43.761417,
2017-09-19,AAPL,159.51,159.77,158.44,158.73,20539491,0.56,50.69,48.42,-0.88,0.12,16.83,159.14,-0.28,1083000918,2017-12-01 12:12:43.761417,
2017-09-20,AAPL,157.90,158.26,153.83,156.07,51958690,0.21,42.21,41.65,-0.80,0.20,14.21,158.56,-0.20,1031042228,2017-12-01 12:12:43.761417,
2017-09-21,AAPL,155.80,155.80,152.75,153.39,37250400,-0.27,35.65,36.17,-0.95,0.05,12.36,157.54,-0.15,993791828,2017-12-01 12:12:43.761417,
2017-09-22,AAPL,151.54,152.27,150.56,151.89,46255603,-0.77,30.33,33.51,-0.90,0.10,11.71,156.15,-0.07,947536225,2017-12-01 12:12:43.761417,
2017-09-25,AAPL,149.99,151.83,149.16,150.55,44239235,-1.26,29.62,31.29,-0.91,0.09,8.12,154.55,-0.02,903296990,2017-12-01 12:12:43.761417,
2017-09-26,AAPL,151.78,153.92,151.69,153.14,35764615,-1.42,35.43,39.60,-0.73,0.27,15.33,153.33,0.01,939061605,2017-12-01 12:12:43.761417,
2017-09-27,AAPL,153.80,154.72,153.54,154.23,25182779,-1.45,39.89,42.74,-0.66,0.34,23.51,152.71,-0.01,964244384,2017-12-01 12:12:43.761417,
2017-09-28,AAPL,153.89,154.28,152.70,153.28,21958161,-1.53,40.44,40.75,-0.72,0.28,29.66,152.45,-0.05,942286223,2017-12-01 12:12:43.761417,
2017-09-29,AAPL,153.21,154.13,152.00,154.12,26179634,-1.50,34.82,43.26,-0.66,0.34,31.87,152.50,-0.04,968465857,2017-12-01 12:12:43.761417,
2017-10-02,AAPL,154.26,154.45,152.72,153.81,18616729,-1.49,27.14,42.55,-0.61,0.39,33.57,152.70,0.00,949849128,2017-12-01 12:12:43.761417,
2017-10-03,AAPL,154.01,155.09,153.91,154.48,16206886,-1.41,32.61,44.68,-0.55,0.45,39.31,153.02,-0.03,966056014,2017-12-01 12:12:43.761417,
2017-10-04,AAPL,153.63,153.86,152.46,153.48,19968936,-1.41,32.91,42.16,-0.63,0.37,40.33,153.26,-0.68,946087078,2017-12-01 12:12:43.761417,
2017-10-05,AAPL,154.18,155.44,154.05,155.39,21200814,-1.25,28.26,48.17,-0.45,0.55,45.52,153.62,-0.50,967287892,2017-12-01 12:12:43.761417,
2017-10-06,AAPL,154.97,155.49,154.56,155.30,16478893,-1.11,33.27,47.92,-0.42,0.58,49.80,154.05,-0.52,950808999,2017-12-01 12:12:43.761417,
2017-10-09,AAPL,155.81,156.73,155.48,155.84,16228943,-0.95,37.82,49.62,-0.27,0.73,62.07,154.52,-0.58,967037942,2017-12-01 12:12:43.761417,
2017-10-10,AAPL,156.06,158.00,155.10,155.90,15567241,-0.80,46.09,49.82,-0.24,0.76,69.17,154.98,-0.64,982605183,2017-12-01 12:12:43.761417,
2017-10-11,AAPL,155.97,156.98,155.75,156.55,16705348,-0.63,53.85,52.01,-0.16,0.84,77.75,155.45,-0.44,999310531,2017-12-01 12:12:43.761417,
2017-10-12,AAPL,156.35,157.37,155.73,156.00,16096606,-0.53,58.91,50.02,-0.23,0.77,79.07,155.81,-0.38,983213925,2017-12-01 12:12:43.761417,
2017-10-13,AAPL,156.73,157.28,156.41,156.99,16344826,-0.37,70.31,53.47,-0.16,0.84,81.66,156.16,-0.24,999558751,2017-12-01 12:12:43.761417,
2017-10-16,AAPL,157.90,160.00,157.65,159.88,23983902,0.00,69.14,61.75,-0.02,0.99,86.62,156.83,-0.27,1023542653,2017-12-01 12:12:43.761417,
2017-10-17,AAPL,159.78,160.87,159.23,160.47,18868042,0.33,68.50,63.19,-0.05,0.95,92.66,157.73,-0.18,1042410695,2017-12-01 12:12:43.761417,
2017-10-18,AAPL,160.42,160.71,159.60,159.76,16238721,0.53,69.81,60.25,-0.13,0.87,93.83,158.59,-0.13,1026171974,2017-12-01 12:12:43.761417,
2017-10-19,AAPL,156.75,157.08,155.02,155.98,42577300,0.37,65.54,47.56,-0.58,0.42,74.94,158.83,-0.06,983594674,2017-12-01 12:12:43.761417,
2017-10-20,AAPL,156.61,157.75,155.96,156.25,23969500,0.27,66.25,48.39,-0.55,0.45,58.14,158.59,0.00,1007564174,2017-12-01 12:12:43.761417,
2017-10-23,AAPL,156.89,157.69,155.50,156.17,21867183,0.18,59.30,48.15,-0.56,0.44,43.68,158.10,0.03,985696991,2017-12-01 12:12:43.761417,
2017-10-24,AAPL,156.29,157.42,156.20,156.79,14039262,0.16,65.47,50.25,-0.60,0.40,43.12,157.62,0.01,999736253,2017-12-01 12:12:43.761417,
2017-10-25,AAPL,156.91,157.55,155.27,156.41,20563865,0.11,58.09,48.94,-0.71,0.29,37.87,157.21,-0.03,979172388,2017-12-01 12:12:43.761417,
2017-10-26,AAPL,157.23,157.83,156.78,157.41,16858495,0.15,58.18,52.45,-0.59,0.41,36.78,156.99,-0.02,996030883,2017-12-01 12:12:43.761417,
2017-10-27,AAPL,159.28,163.60,158.70,163.05,44203200,0.63,62.15,66.46,-0.06,0.94,54.59,157.60,0.01,1040234083,2017-12-01 12:12:43.761417,
2017-10-30,AAPL,163.89,168.07,163.72,166.72,44544600,1.29,65.66,72.20,-0.10,0.90,74.70,159.20,-0.02,1084778683,2017-12-01 12:12:43.761417,
2017-10-31,AAPL,167.90,169.65,166.94,169.04,35750000,1.98,67.72,75.10,-0.04,0.96,93.03,161.50,0.01,1120528683,2017-12-01 12:12:43.761417,
2017-11-01,AAPL,169.87,169.94,165.61,166.89,33011822,2.32,64.32,68.02,-0.20,0.80,88.35,163.70,-0.29,1087516861,2017-12-01 12:12:43.761417,
2017-11-02,AAPL,167.64,168.50,165.28,168.11,38472853,2.67,56.41,69.76,-0.12,0.88,87.71,165.57,-0.45,1125989714,2017-12-01 12:12:43.761417,
2017-11-03,AAPL,174.00,174.26,171.12,172.50,59146900,3.25,60.37,75.04,-0.09,0.91,86.05,167.53,-0.55,1185136614,2017-12-01 12:12:43.761417,
2017-11-06,AAPL,172.37,174.99,171.72,174.25,34730500,3.82,62.00,76.77,-0.04,0.96,91.63,169.59,-0.64,1219867114,2017-12-01 12:12:43.761417,
2017-11-07,AAPL,173.91,175.25,173.60,174.81,24138500,4.26,66.29,77.32,-0.02,0.98,94.99,171.57,-0.40,1244005614,2017-12-01 12:12:43.761417,
2017-11-08,AAPL,174.66,176.24,174.33,176.24,24297300,4.67,74.35,78.69,0.00,1.00,98.04,173.39,-0.34,1268302914,2017-12-01 12:12:43.761417,
2017-11-09,AAPL,175.11,176.10,173.14,175.88,29159800,4.91,67.90,77.42,-0.02,0.98,98.70,174.86,-0.20,1239143114,2017-12-01 12:12:43.761417,
2017-11-10,AAPL,175.11,175.38,174.27,174.67,25113100,4.95,67.03,73.14,-0.07,0.93,96.93,175.78,-0.23,1214030014,2017-12-01 12:12:43.761417,
2017-11-13,AAPL,173.50,174.50,173.40,173.97,16873500,4.86,63.46,70.71,-0.11,0.89,93.32,176.12,-0.14,1197156514,2017-12-01 12:12:43.761417,
2017-11-14,AAPL,173.04,173.48,171.18,171.34,23776500,4.53,62.74,62.32,-0.25,0.75,85.50,175.75,-0.09,1173380014,2017-12-01 12:12:43.761417,
2017-11-15,AAPL,169.97,170.32,168.38,169.08,28788600,4.04,57.59,56.16,-0.41,0.59,74.39,174.69,-0.01,1144591414,2017-12-01 12:12:43.761417,
2017-11-16,AAPL,171.18,171.87,170.30,171.10,23592100,3.77,55.84,59.97,-0.41,0.59,64.31,173.56,0.05,1168183514,2017-12-01 12:12:43.761417,
2017-11-17,AAPL,171.04,171.39,169.64,170.15,21863100,3.44,48.40,57.44,-0.56,0.44,54.19,172.49,0.08,1146320414,2017-12-01 12:12:43.761417,
2017-11-20,AAPL,170.29,170.56,169.56,169.98,16051100,3.13,41.94,56.98,-0.57,0.43,48.75,171.58,0.05,1130269314,2017-12-01 12:12:43.761417,
2017-11-21,AAPL,170.78,173.70,170.78,173.14,25035100,3.10,49.11,62.96,-0.28,0.72,53.01,171.23,0.01,1155304414,2017-12-01 12:12:43.761417,
2017-11-22,AAPL,173.36,175.00,173.05,174.96,25555200,3.19,57.41,65.90,-0.16,0.84,66.10,171.55,0.01,1180859614,2017-12-01 12:12:43.761417,
2017-11-24,AAPL,175.10,175.50,174.65,174.97,14026600,3.22,51.68,65.91,-0.16,0.84,79.76,172.26,0.05,1194886214,2017-12-01 12:12:43.761417,
2017-11-27,AAPL,175.05,175.08,173.34,174.09,20573400,3.14,43.04,63.10,-0.27,0.73,80.07,172.97,0.01,1174312814,2017-12-01 12:12:43.761417,
2017-11-28,AAPL,174.30,174.87,171.86,173.07,25634500,3.08,35.26,59.60,-0.40,0.60,72.05,173.41,0.08,129566064,2017-12-01 12:12:43.761417,
2017-11-29,AAPL,172.63,172.92,167.16,169.48,41188800,2.62,26.26,49.79,-0.74,0.26,52.76,173.19,0.16,65184784,2017-12-01 12:12:43.761417,
2017-11-30,AAPL,170.43,172.14,168.44,171.85,41479900,2.44,37.18,55.04,-0.44,0.56,47.29,172.78,0.22,114554932,2017-12-01 12:12:43.761417,
2017-12-01,AAPL,169.95,171.67,168.50,171.05,39726124,2.22,35.77,53.38,-0.53,0.47,42.94,172.30,0.32,130159752,2017-12-01 21:29:40.919518,
2017-12-04,AAPL,172.48,172.62,169.63,169.80,32478030,1.91,42.85,50.74,-0.68,0.32,44.84,171.71,0.24,120223832,2017-12-04 21:20:25.686293,
2017-12-05,AAPL,169.06,171.52,168.40,169.64,27284994,1.64,42.49,50.61,-0.70,0.30,36.01,171.08,0.28,148199644,2017-12-05 21:20:30.730949,
2017-12-06,AAPL,167.50,170.20,166.46,169.01,28364964,1.36,42.55,49.25,-0.72,0.28,29.87,170.44,0.21,162057547,2017-12-06 21:20:10.525213,
2017-12-07,AAPL,169.03,170.44,168.91,169.32,25626388,1.16,42.82,49.73,-0.68,0.32,29.86,169.90,0.22,143444700,2017-12-07 21:16:50.000034,
2017-12-08,AAPL,170.49,171.00,168.82,169.37,23355231,0.99,48.66,49.76,-0.68,0.32,30.68,169.50,0.34,131035316,2017-12-10 11:54:25.099949,
2017-12-11,AAPL,169.20,172.89,168.79,172.67,33306904,1.12,54.83,58.65,-0.31,0.69,44.17,169.64,0.28,183075763,2017-12-11 21:14:36.873276,
2017-12-12,AAPL,172.15,172.39,171.46,171.70,19080190,1.14,54.14,55.55,-0.42,0.58,52.95,170.04,0.20,142037412,2017-12-12 21:15:34.424085,
2017-12-13,AAPL,172.50,173.54,172.00,172.27,23392606,1.21,53.86,57.02,-0.36,0.64,63.64,170.57,0.17,176483842,2017-12-13 21:14:47.232546,
2017-12-14,AAPL,172.40,173.13,171.65,172.22,20421464,1.25,49.45,56.75,-0.33,0.67,63.02,171.11,0.06,137445649,2017-12-14 21:15:32.071537,
2017-12-15,AAPL,173.63,174.17,172.46,173.97,40169307,1.41,56.79,61.31,-0.11,0.89,73.46,171.77,-0.05,201345942,2017-12-20 08:06:50.807963,
2017-12-18,AAPL,174.88,177.20,174.86,176.42,29421114,1.71,63.33,66.18,-0.07,0.93,82.95,172.74,-0.09,210798120,2017-12-20 08:06:50.807963,
2017-12-19,AAPL,174.99,175.39,174.09,174.54,27436447,1.76,65.31,59.65,-0.25,0.75,85.76,173.62,-0.09,183361673,2017-12-20 08:06:50.807963,
2017-12-20,AAPL,174.87,175.42,173.25,174.35,23386969,1.75,57.74,59.02,-0.27,0.73,80.48,174.24,-0.07,159974704,2017-12-20 21:16:03.532777,
2017-12-21,AAPL,174.17,176.02,174.10,175.01,20633018,1.78,66.17,60.59,-0.20,0.80,76.10,174.69,0.05,180607722,2017-12-21 21:15:04.196729,
2017-12-22,AAPL,174.68,175.42,174.50,175.01,16114573,1.79,60.11,60.59,-0.20,0.80,77.56,175.00,0.09,180607722,2017-12-22 21:14:48.764248,
2017-12-26,AAPL,170.80,171.47,169.68,170.57,33043678,1.42,59.15,46.68,-0.62,0.38,65.83,174.67,0.13,147564044,2017-12-26 21:14:04.040019,
2017-12-27,AAPL,170.10,170.78,169.71,170.60,21182952,1.11,60.27,46.77,-0.78,0.22,46.47,173.91,0.09,168746996,2017-12-27 21:13:34.457973,
2017-12-28,AAPL,171.00,171.85,170.48,171.08,16394550,0.90,59.25,48.26,-0.73,0.27,29.01,173.05,0.14,185141546,2017-12-28 21:13:59.573336,
2017-12-29,AAPL,170.52,170.59,169.22,169.23,25884394,0.57,52.28,43.24,-0.95,0.05,17.99,172.07,0.11,159257152,2017-12-29 21:14:30.732403,
2018-01-02,AAPL,170.16,172.30,169.26,172.26,25258093,0.55,51.16,52.03,-0.62,0.38,23.52,171.46,-0.45,184515245,2018-01-02 21:14:32.266367,
2018-01-03,AAPL,172.53,174.55,171.96,172.23,29371698,0.53,52.60,51.95,-0.62,0.38,27.02,171.24,-0.06,155143547,2018-01-03 21:14:45.766853,
2018-01-04,AAPL,172.54,173.47,172.08,173.03,22284667,0.57,46.11,54.12,-0.52,0.48,41.19,171.37,-0.26,177428214,2018-01-04 21:15:08.649981,
2018-01-05,AAPL,173.44,175.37,173.05,175.00,23329004,0.75,52.34,59.03,-0.28,0.72,52.63,171.91,-0.11,200757218,2018-01-05 21:15:48.667525,
2018-01-08,AAPL,174.35,175.61,173.93,174.35,20225288,0.83,49.51,56.87,-0.36,0.64,61.49,172.60,0.16,180531930,2018-01-08 21:15:50.417819,
2018-01-09,AAPL,174.55,175.06,173.41,174.33,21508411,0.88,41.57,56.80,-0.25,0.75,70.62,173.24,0.22,159023519,2018-01-09 21:15:00.237552,
2018-01-10,AAPL,173.16,174.30,173.00,174.29,23672019,0.91,42.07,56.65,-0.25,0.75,71.33,173.74,0.10,135351500,2018-01-10 21:16:02.049576,google
2018-01-11,AAPL,174.59,175.49,174.49,175.28,17850227,1.00,48.52,59.46,-0.11,0.89,79.61,174.22,0.06,153201727,2018-01-11 21:16:58.080465,google
2018-01-12,AAPL,176.18,177.36,175.65,177.09,25226044,1.21,49.30,64.06,-0.03,0.97,86.79,174.85,-0.04,178427771,2018-01-12 21:14:51.689705,google
2018-01-16,AAPL,177.90,179.39,176.14,176.19,29477532,1.28,56.27,60.39,-0.31,0.69,84.78,175.44,-0.07,148950239,2018-01-16 21:16:02.657499,google
2018-01-17,AAPL,176.15,179.25,175.07,179.10,33888477,1.56,66.22,66.97,-0.03,0.97,87.46,176.24,-0.07,182838716,2018-01-17 21:16:03.011461,google
2018-01-18,AAPL,179.37,180.10,178.25,179.26,31035339,1.77,73.29,67.29,-0.08,0.92,85.99,177.15,-0.06,213874055,2018-01-18 21:14:56.659790,google
2018-01-19,AAPL,178.61,179.58,177.41,178.46,31269606,1.85,65.62,63.94,-0.15,0.85,91.45,177.91,-0.05,182604449,2018-01-19 21:16:09.843121,google
2018-01-22,AAPL,177.30,177.78,176.60,177.00,26599829,1.78,65.29,58.24,-0.29,0.71,82.87,178.27,0.07,156004620,2018-01-22 21:15:10.310906,google
2018-01-23,AAPL,177.30,179.44,176.82,177.04,31889015,1.70,66.01,58.35,-0.38,0.62,72.91,178.31,0.11,187893635,2018-01-23 21:15:10.009916,google
2018-01-24,AAPL,177.25,177.30,173.20,174.22,51120193,1.40,54.89,48.65,-0.73,0.27,53.50,177.83,0.15,136773442,2018-01-24 21:15:45.208326,google
2018-01-25,AAPL,174.50,174.95,170.53,171.11,40549110,0.90,52.50,40.63,-0.94,0.06,31.72,176.68,0.11,96224332,2018-01-25 21:14:11.129730,google
2018-01-26,AAPL,172.00,172.00,170.06,171.51,37687544,0.53,45.32,41.95,-0.86,0.14,15.73,175.27,0.16,133911876,2018-01-26 21:15:31.350536,google
2018-01-29,AAPL,170.16,170.16,167.07,167.96,50500591,-0.05,38.01,34.58,-0.93,0.07,9.11,173.51,0.13,83411285,2018-01-29 21:14:20.006246,google
2018-01-30,AAPL,165.52,167.37,164.70,166.97,45396599,-0.59,36.26,32.84,-0.85,0.15,12.00,171.59,0.16,38014686,2018-01-30 21:15:53.766199,google
2018-01-31,AAPL,166.87,168.44,166.50,167.43,31798594,-0.96,42.07,34.49,-0.82,0.18,13.10,169.87,0.30,69813280,2018-01-31 21:14:46.099019,google
2018-02-01,AAPL,167.16,168.62,166.76,167.78,38428826,-1.22,44.27,35.78,-0.80,0.20,17.49,168.56,-0.18,108242106,2018-02-01 21:15:08.802228,google
